access,bw(MiB/s),IOPS,Latency,block(KiB),xfer(KiB),open(s),wr/rd(s),close(s),total(s),numTasks,iter,mode
write,1610.4452,1614.5522,0.0006,16384.0000,1024.0000,0.0000,0.0099,0.0000,0.0099,1,0,none
read,11134.7045,11181.0836,0.0001,16384.0000,1024.0000,0.0000,0.0014,0.0000,0.0014,1,0,none
write,1703.5733,1706.9966,0.0006,16384.0000,1024.0000,0.0000,0.0094,0.0000,0.0094,1,1,none
read,16016.4353,16081.6832,0.0001,16384.0000,1024.0000,0.0000,0.0010,0.0000,0.0010,1,1,none
write,1702.8385,1708.8222,0.0006,16384.0000,1024.0000,0.0000,0.0094,0.0000,0.0094,1,2,none
read,16112.5724,16178.6075,0.0001,16384.0000,1024.0000,0.0000,0.0010,0.0000,0.0010,1,2,none
write,1700.2930,1703.9626,0.0006,16384.0000,1024.0000,0.0000,0.0094,0.0000,0.0094,1,3,none
read,16225.5474,16292.5137,0.0001,16384.0000,1024.0000,0.0000,0.0010,0.0000,0.0010,1,3,none
write,1713.2283,1716.7344,0.0006,16384.0000,1024.0000,0.0000,0.0093,0.0000,0.0093,1,4,none
read,16047.0741,16128.0615,0.0001,16384.0000,1024.0000,0.0000,0.0010,0.0000,0.0010,1,4,none
write,665.3401,242270.2671,0.0000,64.0000,4.0000,0.0000,0.0001,0.0000,0.0001,1,0,none
read,3120.7619,1001624.8358,0.0000,64.0000,4.0000,0.0000,0.0000,0.0000,0.0000,1,0,none
write,907.0727,302292.1802,0.0000,64.0000,4.0000,0.0000,0.0001,0.0000,0.0001,1,1,none
read,3276.8000,1001624.8358,0.0000,64.0000,4.0000,0.0000,0.0000,0.0000,0.0000,1,1,none
write,870.9103,291777.6696,0.0000,64.0000,4.0000,0.0000,0.0001,0.0000,0.0001,1,2,none
read,3120.7619,1001624.8358,0.0000,64.0000,4.0000,0.0000,0.0000,0.0000,0.0000,1,2,none
write,932.8968,307838.8257,0.0000,64.0000,4.0000,0.0000,0.0001,0.0000,0.0001,1,3,none
read,3276.8000,1065220.0635,0.0000,64.0000,4.0000,0.0000,0.0000,0.0000,0.0000,1,3,none
write,932.8968,302292.1802,0.0000,64.0000,4.0000,0.0000,0.0001,0.0000,0.0001,1,4,none
read,3318.2785,1001624.8358,0.0000,64.0000,4.0000,0.0000,0.0000,0.0000,0.0000,1,4,none
write,1540.5368,1545.1479,0.0006,16384.0000,1024.0000,0.0000,0.0104,0.0000,0.0104,1,0,profile
read,12128.8386,12186.1021,0.0001,16384.0000,1024.0000,0.0000,0.0013,0.0000,0.0013,1,0,profile
write,1703.9626,1707.5612,0.0006,16384.0000,1024.0000,0.0000,0.0094,0.0000,0.0094,1,1,profile
read,14966.2944,15023.2514,0.0001,16384.0000,1024.0000,0.0000,0.0011,0.0000,0.0011,1,1,profile
write,1714.7166,1718.2288,0.0006,16384.0000,1024.0000,0.0000,0.0093,0.0000,0.0093,1,2,profile
read,15921.4387,15982.1062,0.0001,16384.0000,1024.0000,0.0000,0.0010,0.0000,0.0010,1,2,profile
write,1711.3933,1715.0672,0.0006,16384.0000,1024.0000,0.0000,0.0093,0.0000,0.0093,1,3,profile
read,15592.2082,15657.6911,0.0001,16384.0000,1024.0000,0.0000,0.0010,0.0000,0.0010,1,3,profile
write,1707.3875,1710.6516,0.0006,16384.0000,1024.0000,0.0000,0.0094,0.0000,0.0094,1,4,profile
read,15534.4593,15595.8317,0.0001,16384.0000,1024.0000,0.0000,0.0010,0.0000,0.0010,1,4,profile
write,601.2477,211034.1635,0.0000,64.0000,4.0000,0.0000,0.0001,0.0000,0.0001,1,0,profile
read,2945.4382,945195.2676,0.0000,64.0000,4.0000,0.0000,0.0000,0.0000,0.0000,1,0,profile
write,891.6463,295633.7621,0.0000,64.0000,4.0000,0.0000,0.0001,0.0000,0.0001,1,1,profile
read,3120.7619,1001624.8358,0.0000,64.0000,4.0000,0.0000,0.0000,0.0000,0.0000,1,1,profile
write,919.8035,302292.1802,0.0000,64.0000,4.0000,0.0000,0.0001,0.0000,0.0001,1,2,profile
read,3120.7619,945195.2676,0.0000,64.0000,4.0000,0.0000,0.0000,0.0000,0.0000,1,2,profile
write,916.5874,302292.1802,0.0000,64.0000,4.0000,0.0000,0.0001,0.0000,0.0001,1,3,profile
read,3276.8000,986895.0588,0.0000,64.0000,4.0000,0.0000,0.0000,0.0000,0.0000,1,3,profile
write,919.8035,307838.8257,0.0000,64.0000,4.0000,0.0000,0.0001,0.0000,0.0001,1,4,profile
read,1638.4000,456522.8844,0.0000,64.0000,4.0000,0.0000,0.0000,0.0000,0.0000,1,4,profile
write,1567.7077,1572.3358,0.0006,16384.0000,1024.0000,0.0000,0.0102,0.0000,0.0102,1,0,trace
read,10817.0316,10855.5264,0.0001,16384.0000,1024.0000,0.0000,0.0015,0.0000,0.0015,1,0,trace
write,1693.4709,1697.0682,0.0006,16384.0000,1024.0000,0.0000,0.0094,0.0000,0.0094,1,1,trace
read,15459.3098,15534.4593,0.0001,16384.0000,1024.0000,0.0000,0.0010,0.0000,0.0010,1,1,trace
write,1685.2632,1689.2082,0.0006,16384.0000,1024.0000,0.0000,0.0095,0.0000,0.0095,1,2,trace
read,15080.6436,15148.7278,0.0001,16384.0000,1024.0000,0.0000,0.0011,0.0000,0.0011,1,2,trace
write,1707.2137,1710.8697,0.0006,16384.0000,1024.0000,0.0000,0.0094,0.0000,0.0094,1,3,trace
read,15610.3429,15672.3176,0.0001,16384.0000,1024.0000,0.0000,0.0010,0.0000,0.0010,1,3,trace
write,1683.4875,1687.2546,0.0006,16384.0000,1024.0000,0.0000,0.0095,0.0000,0.0095,1,4,trace
read,12809.4797,12861.0318,0.0001,16384.0000,1024.0000,0.0000,0.0012,0.0000,0.0012,1,4,trace
write,517.0493,181866.8401,0.0000,64.0000,4.0000,0.0000,0.0001,0.0000,0.0001,1,0,trace
read,2404.9908,762600.7273,0.0000,64.0000,4.0000,0.0000,0.0000,0.0000,0.0000,1,0,trace
write,612.4860,199728.7619,0.0000,64.0000,4.0000,0.0000,0.0001,0.0000,0.0001,1,1,trace
read,2240.5470,721600.6882,0.0000,64.0000,4.0000,0.0000,0.0000,0.0000,0.0000,1,1,trace
write,665.3401,222214.7815,0.0000,64.0000,4.0000,0.0000,0.0001,0.0000,0.0001,1,2,trace
read,3120.7619,932067.5556,0.0000,64.0000,4.0000,0.0000,0.0000,0.0000,0.0000,1,2,trace
write,856.6797,280790.2259,0.0000,64.0000,4.0000,0.0000,0.0001,0.0000,0.0001,1,3,trace
read,3318.2785,1001624.8358,0.0000,64.0000,4.0000,0.0000,0.0000,0.0000,0.0000,1,3,trace
write,919.8035,300936.6099,0.0000,64.0000,4.0000,0.0000,0.0001,0.0000,0.0001,1,4,trace
read,3276.8000,1001624.8358,0.0000,64.0000,4.0000,0.0000,0.0000,0.0000,0.0000,1,4,trace
